discounts,num_players,odd_player,scores,avg_score_per_round,avg_score_per_offer,table_count,total_tables,round
"[0.9, 0.9, 0.9, 0.9, 0.9, 0.9, 0.9, 0.9, 0.9]",9,,"[0, 0, 0, 0, 0, 0, 0, 0, 0]","[0, 0, 0, 0, 0, 0, 0, 0, 0]","[0, 0, 0, 0, 0, 0, 0, 0, 0]","[0, 0, 0, 0, 0, 0, 0, 0, 0]","[0, 0, 0, 0, 0, 0, 0, 0, 0]",0
"[0.9, 0.9, 0.9, 0.9, 0.9, 0.9, 0.9, 0.9, 0.9]",9,5,"[0.5, 0.5, 0.9, 0.5, 0.99, 0.51, 0.1, 0.5, 0.5]","[0.5, 0.5, 0.9, 0.5, 0.99, 0.51, 0.1, 0.5, 0.5]","[0.25, 0.25, 0.45, 0.25, 0.495, 0.1275, 0.05, 0.25, 0.25]","[1, 1, 1, 1, 1, 2, 1, 1, 1]","[2, 2, 2, 2, 2, 4, 2, 2, 2]",1
"[0.9, 0.9, 0.9, 0.9, 0.9, 0.9, 0.9, 0.9, 0.9]",9,5,"[0.5, 1.0, 0.9, 0.5, 0.99, 1.01, 0.1, 1.0, 1.0]","[0.25, 0.5, 0.45, 0.25, 0.495, 0.505, 0.05, 0.5, 0.5]","[0.125, 0.3333333333333333, 0.3, 0.16666666666666666, 0.33, 0.16833333333333333, 0.03333333333333333, 0.25, 0.3333333333333333]","[2, 1, 1, 1, 1, 2, 1, 2, 1]","[4, 3, 3, 3, 3, 6, 3, 4, 3]",2
"[0.9, 0.9, 0.9, 0.9, 0.9, 0.9, 0.9, 0.9, 0.9]",9,5,"[1.3699000000000001, 1.5, 1.35, 1.0301, 1.881, 1.519, 0.55, 2.0, 1.5]","[0.4566333333333334, 0.5, 0.45, 0.34336666666666665, 0.627, 0.5063333333333333, 0.18333333333333335, 0.6666666666666666, 0.5]","[0.2283166666666667, 0.375, 0.3375, 0.257525, 0.47025, 0.189875, 0.1375, 0.3333333333333333, 0.375]","[2, 1, 1, 1, 1, 2, 1, 2, 1]","[6, 4, 4, 4, 4, 8, 4, 6, 4]",3
"[0.9, 0.9, 0.9, 0.9, 0.9, 0.9, 0.9, 0.9, 0.9]",9,5,"[1.3699000000000001, 2.0, 1.35, 1.0301, 1.881, 2.019, 1.05, 3.0, 2.0]","[0.34247500000000003, 0.5, 0.3375, 0.257525, 0.47025, 0.50475, 0.2625, 0.75, 0.5]","[0.17123750000000001, 0.4, 0.27, 0.20602, 0.3762, 0.20190000000000002, 0.21000000000000002, 0.375, 0.4]","[2, 1, 1, 1, 1, 2, 1, 2, 1]","[8, 5, 5, 5, 5, 10, 5, 8, 5]",4
"[0.9, 0.9, 0.9, 0.9, 0.9, 0.9, 0.9, 0.9, 0.9]",9,5,"[2.059825, 2.5, 1.98, 1.510175, 2.7720000000000002, 2.528, 1.55, 4.0, 2.5]","[0.411965, 0.5, 0.396, 0.302035, 0.5544, 0.5056, 0.31, 0.8, 0.5]","[0.2059825, 0.4166666666666667, 0.33, 0.25169583333333334, 0.462, 0.21066666666666667, 0.25833333333333336, 0.4, 0.4166666666666667]","[2, 1, 1, 1, 1, 2, 1, 2, 1]","[10, 6, 6, 6, 6, 12, 6, 10, 6]",5
"[0.9, 0.9, 0.9, 0.9, 0.9, 0.9, 0.9, 0.9, 0.9]",9,5,"[2.059825, 3.0, 1.98, 1.510175, 2.7720000000000002, 3.028, 2.05, 5.0, 3.0]","[0.3433041666666667, 0.5, 0.33, 0.25169583333333334, 0.462, 0.5046666666666667, 0.3416666666666666, 0.8333333333333334, 0.5]","[0.17165208333333334, 0.42857142857142855, 0.28285714285714286, 0.21573928571428572, 0.396, 0.21628571428571428, 0.2928571428571428, 0.4166666666666667, 0.42857142857142855]","[2, 1, 1, 1, 1, 2, 1, 2, 1]","[12, 7, 7, 7, 7, 14, 7, 12, 7]",6
"[0.9, 0.9, 0.9, 0.9, 0.9, 0.9, 0.9, 0.9, 0.9]",9,5,"[2.76058125, 3.5, 2.61, 1.97941875, 3.6630000000000003, 3.537, 2.55, 6.0, 3.5]","[0.39436875, 0.5, 0.37285714285714283, 0.28277410714285717, 0.5232857142857144, 0.5052857142857142, 0.36428571428571427, 0.8571428571428571, 0.5]","[0.197184375, 0.4375, 0.32625, 0.24742734375, 0.45787500000000003, 0.2210625, 0.31875, 0.42857142857142855, 0.4375]","[2, 1, 1, 1, 1, 2, 1, 2, 1]","[14, 8, 8, 8, 8, 16, 8, 14, 8]",7
"[0.9, 0.9, 0.9, 0.9, 0.9, 0.9, 0.9, 0.9, 0.9]",9,5,"[2.76058125, 4.0, 2.61, 1.97941875, 3.6630000000000003, 4.037, 3.05, 7.0, 4.0]","[0.34507265625, 0.5, 0.32625, 0.24742734375, 0.45787500000000003, 0.504625, 0.38125, 0.875, 0.5]","[0.172536328125, 0.4444444444444444, 0.29, 0.21993541666666666, 0.40700000000000003, 0.22427777777777777, 0.33888888888888885, 0.4375, 0.4444444444444444]","[2, 1, 1, 1, 1, 2, 1, 2, 1]","[16, 9, 9, 9, 9, 18, 9, 16, 9]",8
"[0.9, 0.9, 0.9, 0.9, 0.9, 0.9, 0.9, 0.9, 0.9]",9,5,"[3.4604348958333335, 4.5, 3.2399999999999998, 2.4495651041666666, 4.554, 4.546, 3.55, 8.0, 4.5]","[0.3844927662037037, 0.5, 0.36, 0.27217390046296297, 0.506, 0.5051111111111112, 0.39444444444444443, 0.8888888888888888, 0.5]","[0.19224638310185185, 0.45, 0.32399999999999995, 0.24495651041666666, 0.4554, 0.2273, 0.355, 0.4444444444444444, 0.45]","[2, 1, 1, 1, 1, 2, 1, 2, 1]","[18, 10, 10, 10, 10, 20, 10, 18, 10]",9
"[0.9, 0.9, 0.9, 0.9, 0.9, 0.9, 0.9, 0.9, 0.9]",9,5,"[3.4604348958333335, 5.0, 3.2399999999999998, 2.4495651041666666, 4.554, 5.046, 4.05, 9.0, 5.0]","[0.34604348958333336, 0.5, 0.32399999999999995, 0.24495651041666666, 0.4554, 0.5046, 0.40499999999999997, 0.9, 0.5]","[0.17302174479166668, 0.45454545454545453, 0.2945454545454545, 0.22268773674242423, 0.41400000000000003, 0.22936363636363638, 0.36818181818181817, 0.45, 0.45454545454545453]","[2, 1, 1, 1, 1, 2, 1, 2, 1]","[20, 11, 11, 11, 11, 22, 11, 20, 11]",10
"[0.9, 0.9, 0.9, 0.9, 0.9, 0.9, 0.9, 0.9, 0.9]",9,5,"[4.160363758680556, 5.5, 3.8699999999999997, 2.9196362413194445, 5.445, 5.555000000000001, 4.55, 10.0, 5.5]","[0.3782148871527778, 0.5, 0.3518181818181818, 0.2654214764835859, 0.49500000000000005, 0.505, 0.41363636363636364, 0.9090909090909091, 0.5]","[0.1891074435763889, 0.4583333333333333, 0.32249999999999995, 0.24330302010995372, 0.45375000000000004, 0.23145833333333335, 0.37916666666666665, 0.45454545454545453, 0.4583333333333333]","[2, 1, 1, 1, 1, 2, 1, 2, 1]","[22, 12, 12, 12, 12, 24, 12, 22, 12]",11
"[0.9, 0.9, 0.9, 0.9, 0.9, 0.9, 0.9, 0.9, 0.9]",9,5,"[4.160363758680556, 6.0, 3.8699999999999997, 2.9196362413194445, 5.445, 6.055000000000001, 5.05, 11.0, 6.0]","[0.34669697989004633, 0.5, 0.32249999999999995, 0.24330302010995372, 0.45375000000000004, 0.5045833333333334, 0.42083333333333334, 0.9166666666666666, 0.5]","[0.17334848994502317, 0.46153846153846156, 0.29769230769230764, 0.2245874031784188, 0.41884615384615387, 0.2328846153846154, 0.38846153846153847, 0.4583333333333333, 0.46153846153846156]","[2, 1, 1, 1, 1, 2, 1, 2, 1]","[24, 13, 13, 13, 13, 26, 13, 24, 13]",12
"[0.9, 0.9, 0.9, 0.9, 0.9, 0.9, 0.9, 0.9, 0.9]",9,5,"[4.860286353443287, 6.5, 4.5, 3.389713646556713, 6.336, 6.564000000000001, 5.55, 12.0, 6.5]","[0.373868181034099, 0.5, 0.34615384615384615, 0.2607472035812856, 0.4873846153846154, 0.504923076923077, 0.4269230769230769, 0.9230769230769231, 0.5]","[0.1869340905170495, 0.4642857142857143, 0.32142857142857145, 0.2421224033254795, 0.45257142857142857, 0.23442857142857146, 0.3964285714285714, 0.46153846153846156, 0.4642857142857143]","[2, 1, 1, 1, 1, 2, 1, 2, 1]","[26, 14, 14, 14, 14, 28, 14, 26, 14]",13
"[0.9, 0.9, 0.9, 0.9, 0.9, 0.9, 0.9, 0.9, 0.9]",9,5,"[4.860286353443287, 7.0, 4.5, 3.389713646556713, 6.336, 7.064000000000001, 6.05, 13.0, 7.0]","[0.34716331096023484, 0.5, 0.32142857142857145, 0.2421224033254795, 0.45257142857142857, 0.5045714285714287, 0.4321428571428571, 0.9285714285714286, 0.5]","[0.17358165548011742, 0.4666666666666667, 0.3, 0.22598090977044755, 0.4224, 0.23546666666666669, 0.4033333333333333, 0.4642857142857143, 0.4666666666666667]","[2, 1, 1, 1, 1, 2, 1, 2, 1]","[28, 15, 15, 15, 15, 30, 15, 28, 15]",14
"[0.9, 0.9, 0.9, 0.9, 0.9, 0.9, 0.9, 0.9, 0.9]",9,5,"[5.560209470546393, 7.5, 5.13, 3.8597905294536075, 7.227, 7.573000000000001, 6.55, 14.0, 7.5]","[0.37068063136975954, 0.5, 0.34199999999999997, 0.2573193686302405, 0.4818, 0.5048666666666668, 0.43666666666666665, 0.9333333333333333, 0.5]","[0.18534031568487977, 0.46875, 0.320625, 0.24123690809085047, 0.4516875, 0.23665625000000004, 0.409375, 0.4666666666666667, 0.46875]","[2, 1, 1, 1, 1, 2, 1, 2, 1]","[30, 16, 16, 16, 16, 32, 16, 30, 16]",15
"[0.9, 0.9, 0.9, 0.9, 0.9, 0.9, 0.9, 0.9, 0.9]",9,5,"[5.560209470546393, 8.0, 5.13, 3.8597905294536075, 7.227, 8.073, 7.05, 15.0, 8.0]","[0.3475130919091496, 0.5, 0.320625, 0.24123690809085047, 0.4516875, 0.5045625, 0.440625, 0.9375, 0.5]","[0.1737565459545748, 0.47058823529411764, 0.30176470588235293, 0.22704650173256513, 0.42511764705882354, 0.23744117647058824, 0.41470588235294115, 0.46875, 0.47058823529411764]","[2, 1, 1, 1, 1, 2, 1, 2, 1]","[32, 17, 17, 17, 17, 34, 17, 32, 17]",16
"[0.9, 0.9, 0.9, 0.9, 0.9, 0.9, 0.9, 0.9, 0.9]",9,5,"[6.260132544121135, 8.5, 5.76, 4.329867455878866, 8.118, 8.582, 7.55, 16.0, 8.5]","[0.36824309083065504, 0.5, 0.3388235294117647, 0.2546980856399333, 0.4775294117647059, 0.5048235294117648, 0.4441176470588235, 0.9411764705882353, 0.5]","[0.18412154541532752, 0.4722222222222222, 0.32, 0.24054819199327035, 0.451, 0.2383888888888889, 0.41944444444444445, 0.47058823529411764, 0.4722222222222222]","[2, 1, 1, 1, 1, 2, 1, 2, 1]","[34, 18, 18, 18, 18, 36, 18, 34, 18]",17
"[0.9, 0.9, 0.9, 0.9, 0.9, 0.9, 0.9, 0.9, 0.9]",9,5,"[6.260132544121135, 9.0, 5.76, 4.329867455878866, 8.118, 9.082, 8.05, 17.0, 9.0]","[0.34778514134006305, 0.5, 0.32, 0.24054819199327035, 0.451, 0.5045555555555556, 0.44722222222222224, 0.9444444444444444, 0.5]","[0.17389257067003153, 0.47368421052631576, 0.30315789473684207, 0.2278877608357298, 0.42726315789473684, 0.23900000000000002, 0.42368421052631583, 0.4722222222222222, 0.47368421052631576]","[2, 1, 1, 1, 1, 2, 1, 2, 1]","[36, 19, 19, 19, 19, 38, 19, 36, 19]",18
"[0.9, 0.9, 0.9, 0.9, 0.9, 0.9, 0.9, 0.9, 0.9]",9,5,"[6.9600556213232405, 9.5, 6.39, 4.799944378676761, 9.009, 9.591000000000001, 8.55, 18.0, 9.5]","[0.3663187169117495, 0.5, 0.3363157894736842, 0.2526286515093032, 0.4741578947368421, 0.5047894736842106, 0.45, 0.9473684210526315, 0.5]","[0.18315935845587475, 0.475, 0.3195, 0.23999721893383805, 0.45045, 0.23977500000000002, 0.42750000000000005, 0.47368421052631576, 0.475]","[2, 1, 1, 1, 1, 2, 1, 2, 1]","[38, 20, 20, 20, 20, 40, 20, 38, 20]",19
"[0.9, 0.9, 0.9, 0.9, 0.9, 0.9, 0.9, 0.9, 0.9]",9,5,"[6.9600556213232405, 10.0, 6.39, 4.799944378676761, 9.009, 10.091000000000001, 9.05, 19.0, 10.0]","[0.348002781066162, 0.5, 0.3195, 0.23999721893383805, 0.45045, 0.50455, 0.4525, 0.95, 0.5]","[0.174001390533081, 0.47619047619047616, 0.30428571428571427, 0.22856877993698863, 0.429, 0.2402619047619048, 0.430952380952381, 0.475, 0.47619047619047616]","[2, 1, 1, 1, 1, 2, 1, 2, 1]","[40, 21, 21, 21, 21, 42, 21, 40, 21]",20
"[0.9, 0.9, 0.9, 0.9, 0.9, 0.9, 0.9, 0.9, 0.9]",9,5,"[7.659978698223066, 10.5, 7.02, 5.270021301776937, 9.9, 10.600000000000001, 9.55, 20.0, 10.5]","[0.36476089039157455, 0.5, 0.33428571428571424, 0.25095339532271127, 0.4714285714285714, 0.5047619047619049, 0.4547619047619048, 0.9523809523809523, 0.5]","[0.18238044519578728, 0.4772727272727273, 0.3190909090909091, 0.2395464228080426, 0.45, 0.24090909090909093, 0.43409090909090914, 0.47619047619047616, 0.4772727272727273]","[2, 1, 1, 1, 1, 2, 1, 2, 1]","[42, 22, 22, 22, 22, 44, 22, 42, 22]",21
"[0.9, 0.9, 0.9, 0.9, 0.9, 0.9, 0.9, 0.9, 0.9]",9,5,"[7.659978698223066, 11.0, 7.02, 5.270021301776937, 9.9, 11.100000000000001, 10.05, 21.0, 11.0]","[0.34818084991923026, 0.5, 0.3190909090909091, 0.2395464228080426, 0.45, 0.5045454545454546, 0.45681818181818185, 0.9545454545454546, 0.5]","[0.17409042495961513, 0.4782608695652174, 0.30521739130434783, 0.22913136094682332, 0.43043478260869567, 0.24130434782608698, 0.43695652173913047, 0.4772727272727273, 0.4782608695652174]","[2, 1, 1, 1, 1, 2, 1, 2, 1]","[44, 23, 23, 23, 23, 46, 23, 44, 23]",22
"[0.9, 0.9, 0.9, 0.9, 0.9, 0.9, 0.9, 0.9, 0.9]",9,5,"[8.359901775148082, 11.5, 7.6499999999999995, 5.740098224851922, 10.791, 11.609000000000002, 10.55, 22.0, 11.5]","[0.36347399022382965, 0.5, 0.3326086956521739, 0.24956948803704007, 0.4691739130434783, 0.5047391304347827, 0.45869565217391306, 0.9565217391304348, 0.5]","[0.18173699511191482, 0.4791666666666667, 0.31875, 0.23917075936883006, 0.449625, 0.2418541666666667, 0.4395833333333334, 0.4782608695652174, 0.4791666666666667]","[2, 1, 1, 1, 1, 2, 1, 2, 1]","[46, 24, 24, 24, 24, 48, 24, 46, 24]",23
"[0.9, 0.9, 0.9, 0.9, 0.9, 0.9, 0.9, 0.9, 0.9]",9,5,"[8.359901775148082, 12.0, 7.6499999999999995, 5.740098224851922, 10.791, 12.109000000000002, 11.05, 23.0, 12.0]","[0.34832924063117005, 0.5, 0.31875, 0.23917075936883006, 0.449625, 0.5045416666666668, 0.4604166666666667, 0.9583333333333334, 0.5]","[0.17416462031558502, 0.48, 0.306, 0.22960392899407686, 0.43164, 0.24218000000000003, 0.442, 0.4791666666666667, 0.48]","[2, 1, 1, 1, 1, 2, 1, 2, 1]","[48, 25, 25, 25, 25, 50, 25, 48, 25]",24
"[0.9, 0.9, 0.9, 0.9, 0.9, 0.9, 0.9, 0.9, 0.9]",9,5,"[9.059824852070996, 12.5, 8.28, 6.210175147929006, 11.682, 12.618000000000002, 11.55, 24.0, 12.5]","[0.3623929940828398, 0.5, 0.3312, 0.24840700591716025, 0.46728000000000003, 0.5047200000000001, 0.462, 0.96, 0.5]","[0.1811964970414199, 0.4807692307692308, 0.31846153846153846, 0.2388528903049618, 0.4493076923076923, 0.2426538461538462, 0.44423076923076926, 0.48, 0.4807692307692308]","[2, 1, 1, 1, 1, 2, 1, 2, 1]","[50, 26, 26, 26, 26, 52, 26, 50, 26]",25
"[0.9, 0.9, 0.9, 0.9, 0.9, 0.9, 0.9, 0.9, 0.9]",9,5,"[9.059824852070996, 13.0, 8.28, 6.210175147929006, 11.682, 13.118000000000002, 12.05, 25.0, 13.0]","[0.3484548020027306, 0.5, 0.31846153846153846, 0.2388528903049618, 0.4493076923076923, 0.5045384615384616, 0.4634615384615385, 0.9615384615384616, 0.5]","[0.1742274010013653, 0.48148148148148145, 0.30666666666666664, 0.23000648696033357, 0.4326666666666667, 0.24292592592592596, 0.4462962962962963, 0.4807692307692308, 0.48148148148148145]","[2, 1, 1, 1, 1, 2, 1, 2, 1]","[52, 27, 27, 27, 27, 54, 27, 52, 27]",26
"[0.9, 0.9, 0.9, 0.9, 0.9, 0.9, 0.9, 0.9, 0.9]",9,5,"[9.759747928994086, 13.5, 8.91, 6.680252071005916, 12.573, 13.627000000000002, 12.55, 26.0, 13.5]","[0.3614721455182995, 0.5, 0.33, 0.2474167433705895, 0.4656666666666667, 0.5047037037037038, 0.46481481481481485, 0.9629629629629629, 0.5]","[0.18073607275914974, 0.48214285714285715, 0.3182142857142857, 0.23858043110735414, 0.4490357142857143, 0.24333928571428576, 0.44821428571428573, 0.48148148148148145, 0.48214285714285715]","[2, 1, 1, 1, 1, 2, 1, 2, 1]","[54, 28, 28, 28, 28, 56, 28, 54, 28]",27
"[0.9, 0.9, 0.9, 0.9, 0.9, 0.9, 0.9, 0.9, 0.9]",9,5,"[9.759747928994086, 14.0, 8.91, 6.680252071005916, 12.573, 14.127000000000002, 13.05, 27.0, 14.0]","[0.3485624260355031, 0.5, 0.3182142857142857, 0.23858043110735414, 0.4490357142857143, 0.5045357142857144, 0.4660714285714286, 0.9642857142857143, 0.5]","[0.17428121301775154, 0.4827586206896552, 0.30724137931034484, 0.23035351968985918, 0.433551724137931, 0.24356896551724141, 0.45, 0.48214285714285715, 0.4827586206896552]","[2, 1, 1, 1, 1, 2, 1, 2, 1]","[56, 29, 29, 29, 29, 58, 29, 56, 29]",28
"[0.9, 0.9, 0.9, 0.9, 0.9, 0.9, 0.9, 0.9, 0.9]",9,5,"[10.459671005917162, 14.5, 9.540000000000001, 7.15032899408284, 13.464, 14.636000000000003, 13.55, 28.0, 14.5]","[0.3606783105488677, 0.5, 0.32896551724137935, 0.24656306876147724, 0.46427586206896554, 0.5046896551724139, 0.4672413793103449, 0.9655172413793104, 0.5]","[0.18033915527443384, 0.48333333333333334, 0.318, 0.23834429980276134, 0.44880000000000003, 0.2439333333333334, 0.4516666666666667, 0.4827586206896552, 0.48333333333333334]","[2, 1, 1, 1, 1, 2, 1, 2, 1]","[58, 30, 30, 30, 30, 60, 30, 58, 30]",29
"[0.9, 0.9, 0.9, 0.9, 0.9, 0.9, 0.9, 0.9, 0.9]",9,5,"[10.459671005917162, 15.0, 9.540000000000001, 7.15032899408284, 13.464, 15.136000000000003, 14.05, 29.0, 15.0]","[0.34865570019723874, 0.5, 0.318, 0.23834429980276134, 0.44880000000000003, 0.5045333333333334, 0.4683333333333334, 0.9666666666666667, 0.5]","[0.17432785009861937, 0.4838709677419355, 0.307741935483871, 0.23065577400267226, 0.4343225806451613, 0.24412903225806457, 0.4532258064516129, 0.48333333333333334, 0.4838709677419355]","[2, 1, 1, 1, 1, 2, 1, 2, 1]","[60, 31, 31, 31, 31, 62, 31, 60, 31]",30
"[0.9, 0.9, 0.9, 0.9, 0.9, 0.9, 0.9, 0.9, 0.9]",9,5,"[11.159594082840238, 15.5, 10.170000000000002, 7.620405917159763, 14.355, 15.645000000000003, 14.55, 30.0, 15.5]","[0.3599869058980722, 0.5, 0.3280645161290323, 0.24581954571483106, 0.46306451612903227, 0.5046774193548388, 0.4693548387096774, 0.967741935483871, 0.5]","[0.1799934529490361, 0.484375, 0.31781250000000005, 0.2381376849112426, 0.44859375, 0.24445312500000005, 0.4546875, 0.4838709677419355, 0.484375]","[2, 1, 1, 1, 1, 2, 1, 2, 1]","[62, 32, 32, 32, 32, 64, 32, 62, 32]",31
"[0.9, 0.9, 0.9, 0.9, 0.9, 0.9, 0.9, 0.9, 0.9]",9,5,"[11.159594082840238, 16.0, 10.170000000000002, 7.620405917159763, 14.355, 16.145000000000003, 15.05, 31.0, 16.0]","[0.34873731508875744, 0.5, 0.31781250000000005, 0.2381376849112426, 0.44859375, 0.5045312500000001, 0.4703125, 0.96875, 0.5]","[0.17436865754437872, 0.48484848484848486, 0.3081818181818182, 0.23092139142908374, 0.435, 0.24462121212121216, 0.45606060606060606, 0.484375, 0.48484848484848486]","[2, 1, 1, 1, 1, 2, 1, 2, 1]","[64, 33, 33, 33, 33, 66, 33, 64, 33]",32
"[0.9, 0.9, 0.9, 0.9, 0.9, 0.9, 0.9, 0.9, 0.9]",9,5,"[11.859517159763314, 16.5, 10.800000000000002, 8.090482840236687, 15.246, 16.654000000000003, 15.55, 32.0, 16.5]","[0.3593793078716156, 0.5, 0.3272727272727273, 0.245166146673839, 0.462, 0.5046666666666668, 0.47121212121212125, 0.9696969696969697, 0.5]","[0.1796896539358078, 0.4852941176470588, 0.3176470588235295, 0.2379553776540202, 0.44841176470588234, 0.2449117647058824, 0.45735294117647063, 0.48484848484848486, 0.4852941176470588]","[2, 1, 1, 1, 1, 2, 1, 2, 1]","[66, 34, 34, 34, 34, 68, 34, 66, 34]",33
"[0.9, 0.9, 0.9, 0.9, 0.9, 0.9, 0.9, 0.9, 0.9]",9,5,"[11.859517159763314, 17.0, 10.800000000000002, 8.090482840236687, 15.246, 17.154000000000003, 16.05, 33.0, 17.0]","[0.34880932822833277, 0.5, 0.3176470588235295, 0.2379553776540202, 0.44841176470588234, 0.504529411764706, 0.4720588235294118, 0.9705882352941176, 0.5]","[0.17440466411416639, 0.4857142857142857, 0.30857142857142866, 0.23115665257819107, 0.4356, 0.24505714285714292, 0.4585714285714286, 0.4852941176470588, 0.4857142857142857]","[2, 1, 1, 1, 1, 2, 1, 2, 1]","[68, 35, 35, 35, 35, 70, 35, 68, 35]",34
"[0.9, 0.9, 0.9, 0.9, 0.9, 0.9, 0.9, 0.9, 0.9]",9,5,"[12.55944023668639, 17.5, 11.430000000000003, 8.560559763313611, 16.137, 17.663000000000004, 16.55, 34.0, 17.5]","[0.35884114961961117, 0.5, 0.3265714285714287, 0.24458742180896031, 0.4610571428571429, 0.5046571428571429, 0.47285714285714286, 0.9714285714285714, 0.5]","[0.17942057480980558, 0.4861111111111111, 0.3175000000000001, 0.23779332675871143, 0.44825000000000004, 0.2453194444444445, 0.45972222222222225, 0.4857142857142857, 0.4861111111111111]","[2, 1, 1, 1, 1, 2, 1, 2, 1]","[70, 36, 36, 36, 36, 72, 36, 70, 36]",35
"[0.9, 0.9, 0.9, 0.9, 0.9, 0.9, 0.9, 0.9, 0.9]",9,5,"[12.55944023668639, 18.0, 11.430000000000003, 8.560559763313611, 16.137, 18.163000000000004, 17.05, 35.0, 18.0]","[0.34887333990795527, 0.5, 0.3175000000000001, 0.23779332675871143, 0.44825000000000004, 0.5045277777777779, 0.47361111111111115, 0.9722222222222222, 0.5]","[0.17443666995397764, 0.4864864864864865, 0.308918918918919, 0.23136648008955704, 0.43613513513513513, 0.245445945945946, 0.4608108108108108, 0.4861111111111111, 0.4864864864864865]","[2, 1, 1, 1, 1, 2, 1, 2, 1]","[72, 37, 37, 37, 37, 74, 37, 72, 37]",36
"[0.9, 0.9, 0.9, 0.9, 0.9, 0.9, 0.9, 0.9, 0.9]",9,5,"[13.259363313609466, 18.5, 12.060000000000004, 9.030636686390535, 17.028, 18.672000000000004, 17.55, 36.0, 18.5]","[0.3583611706380937, 0.5, 0.32594594594594606, 0.24407126179433877, 0.46021621621621617, 0.5046486486486488, 0.47432432432432436, 0.972972972972973, 0.5]","[0.17918058531904685, 0.4868421052631579, 0.3173684210526317, 0.2376483338523825, 0.44810526315789473, 0.24568421052631584, 0.4618421052631579, 0.4864864864864865, 0.4868421052631579]","[2, 1, 1, 1, 1, 2, 1, 2, 1]","[74, 38, 38, 38, 38, 76, 38, 74, 38]",37
"[0.9, 0.9, 0.9, 0.9, 0.9, 0.9, 0.9, 0.9, 0.9]",9,5,"[13.259363313609466, 19.0, 12.060000000000004, 9.030636686390535, 17.028, 19.172000000000004, 18.05, 37.0, 19.0]","[0.3489306135160386, 0.5, 0.3173684210526317, 0.2376483338523825, 0.44810526315789473, 0.5045263157894738, 0.47500000000000003, 0.9736842105263158, 0.5]","[0.1744653067580193, 0.48717948717948717, 0.3092307692307693, 0.23155478683052655, 0.43661538461538457, 0.24579487179487186, 0.46282051282051284, 0.4868421052631579, 0.48717948717948717]","[2, 1, 1, 1, 1, 2, 1, 2, 1]","[76, 39, 39, 39, 39, 78, 39, 76, 39]",38
"[0.9, 0.9, 0.9, 0.9, 0.9, 0.9, 0.9, 0.9, 0.9]",9,5,"[13.959286390532542, 19.5, 12.690000000000005, 9.500713609467459, 17.918999999999997, 19.681000000000004, 18.55, 38.0, 19.5]","[0.35793042027006516, 0.5, 0.3253846153846155, 0.24360804126839639, 0.45946153846153837, 0.5046410256410258, 0.47564102564102567, 0.9743589743589743, 0.5]","[0.17896521013503258, 0.4875, 0.31725000000000014, 0.23751784023668648, 0.4479749999999999, 0.24601250000000005, 0.46375, 0.48717948717948717, 0.4875]","[2, 1, 1, 1, 1, 2, 1, 2, 1]","[78, 40, 40, 40, 40, 80, 40, 78, 40]",39
"[0.9, 0.9, 0.9, 0.9, 0.9, 0.9, 0.9, 0.9, 0.9]",9,5,"[13.959286390532542, 20.0, 12.690000000000005, 9.500713609467459, 17.918999999999997, 20.181000000000004, 19.05, 39.0, 20.0]","[0.34898215976331354, 0.5, 0.31725000000000014, 0.23751784023668648, 0.4479749999999999, 0.5045250000000001, 0.47625, 0.975, 0.5]","[0.17449107988165677, 0.4878048780487805, 0.30951219512195133, 0.23172472218213314, 0.4370487804878048, 0.24610975609756103, 0.46463414634146344, 0.4875, 0.4878048780487805]","[2, 1, 1, 1, 1, 2, 1, 2, 1]","[80, 41, 41, 41, 41, 82, 41, 80, 41]",40
"[0.9, 0.9, 0.9, 0.9, 0.9, 0.9, 0.9, 0.9, 0.9]",9,5,"[14.659209467455618, 20.5, 13.320000000000006, 9.970790532544383, 18.809999999999995, 20.690000000000005, 19.55, 40.0, 20.5]","[0.3575416943281858, 0.5, 0.3248780487804879, 0.2431900129888874, 0.45878048780487796, 0.5046341463414635, 0.47682926829268296, 0.975609756097561, 0.5]","[0.1787708471640929, 0.4880952380952381, 0.3171428571428573, 0.23739977458439007, 0.44785714285714273, 0.24630952380952387, 0.4654761904761905, 0.4878048780487805, 0.4880952380952381]","[2, 1, 1, 1, 1, 2, 1, 2, 1]","[82, 42, 42, 42, 42, 84, 42, 82, 42]",41
"[0.9, 0.9, 0.9, 0.9, 0.9, 0.9, 0.9, 0.9, 0.9]",9,5,"[14.659209467455618, 21.0, 13.320000000000006, 9.970790532544383, 18.809999999999995, 21.190000000000005, 20.05, 41.0, 21.0]","[0.34902879684418137, 0.5, 0.3171428571428573, 0.23739977458439007, 0.44785714285714273, 0.5045238095238096, 0.4773809523809524, 0.9761904761904762, 0.5]","[0.17451439842209068, 0.4883720930232558, 0.30976744186046523, 0.23187884959405541, 0.4374418604651162, 0.24639534883720937, 0.4662790697674419, 0.4880952380952381, 0.4883720930232558]","[2, 1, 1, 1, 1, 2, 1, 2, 1]","[84, 43, 43, 43, 43, 86, 43, 84, 43]",42
"[0.9, 0.9, 0.9, 0.9, 0.9, 0.9, 0.9, 0.9, 0.9]",9,5,"[15.359132544378694, 21.5, 13.950000000000006, 10.440867455621307, 19.700999999999993, 21.699000000000005, 20.55, 42.0, 21.5]","[0.35718912893903937, 0.5, 0.32441860465116296, 0.24281087106096064, 0.45816279069767424, 0.5046279069767443, 0.4779069767441861, 0.9767441860465116, 0.5]","[0.17859456446951968, 0.48863636363636365, 0.3170454545454547, 0.23729244217321152, 0.44774999999999987, 0.24657954545454552, 0.46704545454545454, 0.4883720930232558, 0.48863636363636365]","[2, 1, 1, 1, 1, 2, 1, 2, 1]","[86, 44, 44, 44, 44, 88, 44, 86, 44]",43
"[0.9, 0.9, 0.9, 0.9, 0.9, 0.9, 0.9, 0.9, 0.9]",9,5,"[15.359132544378694, 22.0, 13.950000000000006, 10.440867455621307, 19.700999999999993, 22.199000000000005, 21.05, 43.0, 22.0]","[0.34907119419042487, 0.5, 0.3170454545454547, 0.23729244217321152, 0.44774999999999987, 0.5045227272727274, 0.47840909090909095, 0.9772727272727273, 0.5]","[0.17453559709521244, 0.4888888888888889, 0.31000000000000016, 0.2320192767915846, 0.43779999999999986, 0.2466555555555556, 0.4677777777777778, 0.48863636363636365, 0.4888888888888889]","[2, 1, 1, 1, 1, 2, 1, 2, 1]","[88, 45, 45, 45, 45, 90, 45, 88, 45]",44
"[0.9, 0.9, 0.9, 0.9, 0.9, 0.9, 0.9, 0.9, 0.9]",9,5,"[16.05905562130177, 22.5, 14.580000000000007, 10.91094437869823, 20.59199999999999, 22.708000000000006, 21.55, 44.0, 22.5]","[0.3568679026955949, 0.5, 0.3240000000000002, 0.24246543063773845, 0.45759999999999984, 0.5046222222222223, 0.4788888888888889, 0.9777777777777777, 0.5]","[0.17843395134779744, 0.4891304347826087, 0.3169565217391306, 0.23719444301517892, 0.4476521739130433, 0.2468260869565218, 0.46847826086956523, 0.4888888888888889, 0.4891304347826087]","[2, 1, 1, 1, 1, 2, 1, 2, 1]","[90, 46, 46, 46, 46, 92, 46, 90, 46]",45
"[0.9, 0.9, 0.9, 0.9, 0.9, 0.9, 0.9, 0.9, 0.9]",9,5,"[16.05905562130177, 23.0, 14.580000000000007, 10.91094437869823, 20.59199999999999, 23.208000000000006, 22.05, 45.0, 23.0]","[0.34910990481090803, 0.5, 0.3169565217391306, 0.23719444301517892, 0.4476521739130433, 0.5045217391304349, 0.47934782608695653, 0.9782608695652174, 0.5]","[0.17455495240545402, 0.48936170212765956, 0.31021276595744696, 0.23214775273826022, 0.4381276595744679, 0.24689361702127666, 0.4691489361702128, 0.4891304347826087, 0.48936170212765956]","[2, 1, 1, 1, 1, 2, 1, 2, 1]","[92, 47, 47, 47, 47, 94, 47, 92, 47]",46
"[0.9, 0.9, 0.9, 0.9, 0.9, 0.9, 0.9, 0.9, 0.9]",9,5,"[16.758978698224848, 23.5, 15.210000000000008, 11.381021301775155, 21.48299999999999, 23.717000000000006, 22.55, 46.0, 23.5]","[0.35657401485584783, 0.5, 0.3236170212765959, 0.24214938939947137, 0.4570851063829785, 0.5046170212765959, 0.4797872340425532, 0.9787234042553191, 0.5]","[0.17828700742792392, 0.4895833333333333, 0.3168750000000002, 0.23710461045364906, 0.4475624999999998, 0.2470520833333334, 0.46979166666666666, 0.48936170212765956, 0.4895833333333333]","[2, 1, 1, 1, 1, 2, 1, 2, 1]","[94, 48, 48, 48, 48, 96, 48, 94, 48]",47
"[0.9, 0.9, 0.9, 0.9, 0.9, 0.9, 0.9, 0.9, 0.9]",9,5,"[16.758978698224848, 24.0, 15.210000000000008, 11.381021301775155, 21.48299999999999, 24.217000000000006, 23.05, 47.0, 24.0]","[0.349145389546351, 0.5, 0.3168750000000002, 0.23710461045364906, 0.4475624999999998, 0.5045208333333334, 0.48020833333333335, 0.9791666666666666, 0.5]","[0.1745726947731755, 0.4897959183673469, 0.3104081632653063, 0.23226574085255416, 0.4384285714285712, 0.24711224489795924, 0.47040816326530616, 0.4895833333333333, 0.4897959183673469]","[2, 1, 1, 1, 1, 2, 1, 2, 1]","[96, 49, 49, 49, 49, 98, 49, 96, 49]",48
"[0.9, 0.9, 0.9, 0.9, 0.9, 0.9, 0.9, 0.9, 0.9]",9,5,"[17.458901775147925, 24.5, 15.840000000000009, 11.851098224852079, 22.373999999999988, 24.726000000000006, 23.55, 48.0, 24.5]","[0.35630411786016175, 0.5, 0.32326530612244914, 0.2418591474459608, 0.45661224489795893, 0.5046122448979593, 0.4806122448979592, 0.9795918367346939, 0.5]","[0.17815205893008088, 0.49, 0.3168000000000002, 0.23702196449704158, 0.44747999999999977, 0.24726000000000006, 0.47100000000000003, 0.4897959183673469, 0.49]","[2, 1, 1, 1, 1, 2, 1, 2, 1]","[98, 50, 50, 50, 50, 100, 50, 98, 50]",49
"[0.9, 0.9, 0.9, 0.9, 0.9, 0.9, 0.9, 0.9, 0.9]",9,5,"[17.458901775147925, 25.0, 15.840000000000009, 11.851098224852079, 22.373999999999988, 25.226000000000006, 24.05, 49.0, 25.0]","[0.3491780355029585, 0.5, 0.3168000000000002, 0.23702196449704158, 0.44747999999999977, 0.5045200000000001, 0.48100000000000004, 0.98, 0.5]","[0.17458901775147925, 0.49019607843137253, 0.31058823529411783, 0.2323744749970996, 0.43870588235294095, 0.24731372549019615, 0.4715686274509804, 0.49, 0.49019607843137253]","[2, 1, 1, 1, 1, 2, 1, 2, 1]","[100, 51, 51, 51, 51, 102, 51, 100, 51]",50
"[0.9, 0.9, 0.9, 0.9, 0.9, 0.9, 0.9, 0.9, 0.9]",9,5,"[18.158824852071003, 25.5, 16.47000000000001, 12.321175147929003, 23.264999999999986, 25.735000000000007, 24.55, 50.0, 25.5]","[0.35605538925629415, 0.5, 0.3229411764705884, 0.24159166956723535, 0.456176470588235, 0.504607843137255, 0.48137254901960785, 0.9803921568627451, 0.5]","[0.17802769462814708, 0.49038461538461536, 0.3167307692307694, 0.2369456759217116, 0.4474038461538459, 0.24745192307692315, 0.4721153846153846, 0.49019607843137253, 0.49038461538461536]","[2, 1, 1, 1, 1, 2, 1, 2, 1]","[102, 52, 52, 52, 52, 104, 52, 102, 52]",51
"[0.9, 0.9, 0.9, 0.9, 0.9, 0.9, 0.9, 0.9, 0.9]",9,5,"[18.158824852071003, 26.0, 16.47000000000001, 12.321175147929003, 23.264999999999986, 26.235000000000007, 25.05, 51.0, 26.0]","[0.3492081702321347, 0.5, 0.3167307692307694, 0.2369456759217116, 0.4474038461538459, 0.5045192307692309, 0.48173076923076924, 0.9807692307692307, 0.5]","[0.17460408511606734, 0.49056603773584906, 0.3107547169811323, 0.23247500279111324, 0.43896226415094314, 0.24750000000000005, 0.47264150943396227, 0.49038461538461536, 0.49056603773584906]","[2, 1, 1, 1, 1, 2, 1, 2, 1]","[104, 53, 53, 53, 53, 106, 53, 104, 53]",52
"[0.9, 0.9, 0.9, 0.9, 0.9, 0.9, 0.9, 0.9, 0.9]",9,5,"[18.85874792899408, 26.5, 17.10000000000001, 12.791252071005927, 24.155999999999985, 26.744000000000007, 25.55, 52.0, 26.5]","[0.3558254326225298, 0.5, 0.3226415094339624, 0.24134437869822503, 0.4557735849056601, 0.5046037735849058, 0.4820754716981132, 0.9811320754716981, 0.5]","[0.1779127163112649, 0.49074074074074076, 0.3166666666666668, 0.2368750383519616, 0.447333333333333, 0.2476296296296297, 0.47314814814814815, 0.49056603773584906, 0.49074074074074076]","[2, 1, 1, 1, 1, 2, 1, 2, 1]","[106, 54, 54, 54, 54, 108, 54, 106, 54]",53
"[0.9, 0.9, 0.9, 0.9, 0.9, 0.9, 0.9, 0.9, 0.9]",9,5,"[18.85874792899408, 27.0, 17.10000000000001, 12.791252071005927, 24.155999999999985, 27.244000000000007, 26.05, 53.0, 27.0]","[0.34923607275914964, 0.5, 0.3166666666666668, 0.2368750383519616, 0.447333333333333, 0.5045185185185187, 0.4824074074074074, 0.9814814814814815, 0.5]","[0.17461803637957482, 0.4909090909090909, 0.3109090909090911, 0.23256821947283504, 0.4391999999999997, 0.24767272727272732, 0.47363636363636363, 0.49074074074074076, 0.4909090909090909]","[2, 1, 1, 1, 1, 2, 1, 2, 1]","[108, 55, 55, 55, 55, 110, 55, 108, 55]",54
"[0.9, 0.9, 0.9, 0.9, 0.9, 0.9, 0.9, 0.9, 0.9]",9,5,"[19.55867100591716, 27.5, 17.730000000000008, 13.26132899408285, 25.046999999999983, 27.753000000000007, 26.55, 54.0, 27.5]","[0.3556122001075847, 0.5, 0.3223636363636365, 0.2411150726196882, 0.4553999999999997, 0.5046000000000002, 0.4827272727272727, 0.9818181818181818, 0.5]","[0.17780610005379235, 0.49107142857142855, 0.316607142857143, 0.23680944632290804, 0.44726785714285683, 0.24779464285714292, 0.4741071428571429, 0.4909090909090909, 0.49107142857142855]","[2, 1, 1, 1, 1, 2, 1, 2, 1]","[110, 56, 56, 56, 56, 112, 56, 110, 56]",55
"[0.9, 0.9, 0.9, 0.9, 0.9, 0.9, 0.9, 0.9, 0.9]",9,5,"[19.55867100591716, 28.0, 17.730000000000008, 13.26132899408285, 25.046999999999983, 28.253000000000007, 27.05, 55.0, 28.0]","[0.3492619822485207, 0.5, 0.316607142857143, 0.23680944632290804, 0.44726785714285683, 0.5045178571428572, 0.4830357142857143, 0.9821428571428571, 0.5]","[0.17463099112426034, 0.49122807017543857, 0.3110526315789475, 0.23265489463303246, 0.43942105263157866, 0.2478333333333334, 0.47456140350877196, 0.49107142857142855, 0.49122807017543857]","[2, 1, 1, 1, 1, 2, 1, 2, 1]","[112, 57, 57, 57, 57, 114, 57, 112, 57]",56
"[0.9, 0.9, 0.9, 0.9, 0.9, 0.9, 0.9, 0.9, 0.9]",9,5,"[20.258594082840236, 28.5, 18.360000000000007, 13.731405917159774, 25.93799999999998, 28.762000000000008, 27.55, 56.0, 28.5]","[0.3554139312778989, 0.5, 0.32210526315789484, 0.24090185819578552, 0.45505263157894704, 0.5045964912280703, 0.48333333333333334, 0.9824561403508771, 0.5]","[0.17770696563894944, 0.49137931034482757, 0.31655172413793115, 0.23674837788206507, 0.4472068965517238, 0.24794827586206902, 0.47500000000000003, 0.49122807017543857, 0.49137931034482757]","[2, 1, 1, 1, 1, 2, 1, 2, 1]","[114, 58, 58, 58, 58, 116, 58, 114, 58]",57
"[0.9, 0.9, 0.9, 0.9, 0.9, 0.9, 0.9, 0.9, 0.9]",9,5,"[20.258594082840236, 29.0, 18.360000000000007, 13.731405917159774, 25.93799999999998, 29.262000000000008, 28.05, 57.0, 29.0]","[0.3492861048765558, 0.5, 0.31655172413793115, 0.23674837788206507, 0.4472068965517238, 0.5045172413793104, 0.4836206896551724, 0.9827586206896551, 0.5]","[0.1746430524382779, 0.4915254237288136, 0.3111864406779662, 0.23273569351118262, 0.43962711864406745, 0.2479830508474577, 0.4754237288135593, 0.49137931034482757, 0.4915254237288136]","[2, 1, 1, 1, 1, 2, 1, 2, 1]","[116, 59, 59, 59, 59, 118, 59, 116, 59]",58
"[0.9, 0.9, 0.9, 0.9, 0.9, 0.9, 0.9, 0.9, 0.9]",9,5,"[20.958517159763314, 29.5, 18.990000000000006, 14.201482840236698, 26.82899999999998, 29.771000000000008, 28.55, 58.0, 29.5]","[0.35522910440276806, 0.5, 0.3218644067796611, 0.24070309898706269, 0.4547288135593217, 0.5045932203389832, 0.4838983050847458, 0.9830508474576272, 0.5]","[0.17761455220138403, 0.49166666666666664, 0.3165000000000001, 0.23669138067061163, 0.44714999999999966, 0.24809166666666674, 0.47583333333333333, 0.4915254237288136, 0.49166666666666664]","[2, 1, 1, 1, 1, 2, 1, 2, 1]","[118, 60, 60, 60, 60, 120, 60, 118, 60]",59
"[0.9, 0.9, 0.9, 0.9, 0.9, 0.9, 0.9, 0.9, 0.9]",9,5,"[20.958517159763314, 30.0, 18.990000000000006, 14.201482840236698, 26.82899999999998, 30.271000000000008, 29.05, 59.0, 30.0]","[0.34930861932938856, 0.5, 0.3165000000000001, 0.23669138067061163, 0.44714999999999966, 0.5045166666666668, 0.4841666666666667, 0.9833333333333333, 0.5]","[0.17465430966469428, 0.4918032786885246, 0.31131147540983617, 0.23281119410224096, 0.4398196721311472, 0.2481229508196722, 0.47622950819672133, 0.49166666666666664, 0.4918032786885246]","[2, 1, 1, 1, 1, 2, 1, 2, 1]","[120, 61, 61, 61, 61, 122, 61, 120, 61]",60
"[0.9, 0.9, 0.9, 0.9, 0.9, 0.9, 0.9, 0.9, 0.9]",9,5,"[21.658440236686392, 30.5, 19.620000000000005, 14.671559763313622, 27.719999999999978, 30.78000000000001, 29.55, 60.0, 30.5]","[0.35505639732272776, 0.5, 0.3216393442622952, 0.2405173731690758, 0.45442622950819633, 0.5045901639344264, 0.48442622950819675, 0.9836065573770492, 0.5]","[0.17752819866136388, 0.49193548387096775, 0.3164516129032259, 0.23663806069860682, 0.44709677419354804, 0.24822580645161296, 0.47661290322580646, 0.4918032786885246, 0.49193548387096775]","[2, 1, 1, 1, 1, 2, 1, 2, 1]","[122, 62, 62, 62, 62, 124, 62, 122, 62]",61
"[0.9, 0.9, 0.9, 0.9, 0.9, 0.9, 0.9, 0.9, 0.9]",9,5,"[21.658440236686392, 31.0, 19.620000000000005, 14.671559763313622, 27.719999999999978, 31.28000000000001, 30.05, 61.0, 31.0]","[0.3493296812368773, 0.5, 0.3164516129032259, 0.23663806069860682, 0.44709677419354804, 0.5045161290322582, 0.4846774193548387, 0.9838709677419355, 0.5]","[0.17466484061843865, 0.49206349206349204, 0.3114285714285715, 0.23288190100497813, 0.43999999999999967, 0.2482539682539683, 0.476984126984127, 0.49193548387096775, 0.49206349206349204]","[2, 1, 1, 1, 1, 2, 1, 2, 1]","[124, 63, 63, 63, 63, 126, 63, 124, 63]",62
"[0.9, 0.9, 0.9, 0.9, 0.9, 0.9, 0.9, 0.9, 0.9]",9,5,"[22.35836331360947, 31.5, 20.250000000000004, 15.141636686390546, 28.610999999999976, 31.78900000000001, 30.55, 62.0, 31.5]","[0.35489465577157886, 0.5, 0.3214285714285715, 0.2403434394665166, 0.45414285714285674, 0.5045873015873017, 0.4849206349206349, 0.9841269841269841, 0.5]","[0.17744732788578943, 0.4921875, 0.31640625000000006, 0.23658807322485229, 0.4470468749999996, 0.24835156250000007, 0.47734375, 0.49206349206349204, 0.4921875]","[2, 1, 1, 1, 1, 2, 1, 2, 1]","[126, 64, 64, 64, 64, 128, 64, 126, 64]",63
"[0.9, 0.9, 0.9, 0.9, 0.9, 0.9, 0.9, 0.9, 0.9]",9,5,"[22.35836331360947, 32.0, 20.250000000000004, 15.141636686390546, 28.610999999999976, 32.28900000000001, 31.05, 63.0, 32.0]","[0.34934942677514796, 0.5, 0.31640625000000006, 0.23658807322485229, 0.4470468749999996, 0.5045156250000001, 0.48515625, 0.984375, 0.5]","[0.17467471338757398, 0.49230769230769234, 0.3115384615384616, 0.2329482567137007, 0.4401692307692304, 0.24837692307692313, 0.4776923076923077, 0.4921875, 0.49230769230769234]","[2, 1, 1, 1, 1, 2, 1, 2, 1]","[128, 65, 65, 65, 65, 130, 65, 128, 65]",64
"[0.9, 0.9, 0.9, 0.9, 0.9, 0.9, 0.9, 0.9, 0.9]",9,5,"[23.058286390532547, 32.5, 20.880000000000003, 15.61171360946747, 29.501999999999974, 32.79800000000001, 31.55, 64.0, 32.5]","[0.35474286754665457, 0.5, 0.32123076923076926, 0.24018020937642262, 0.4538769230769227, 0.5045846153846155, 0.4853846153846154, 0.9846153846153847, 0.5]","[0.17737143377332729, 0.49242424242424243, 0.3163636363636364, 0.23654111529496166, 0.4469999999999996, 0.24846969696969703, 0.478030303030303, 0.49230769230769234, 0.49242424242424243]","[2, 1, 1, 1, 1, 2, 1, 2, 1]","[130, 66, 66, 66, 66, 132, 66, 130, 66]",65
"[0.9, 0.9, 0.9, 0.9, 0.9, 0.9, 0.9, 0.9, 0.9]",9,5,"[23.058286390532547, 33.0, 20.880000000000003, 15.61171360946747, 29.501999999999974, 33.29800000000001, 32.05, 65.0, 33.0]","[0.3493679756141295, 0.5, 0.3163636363636364, 0.23654111529496166, 0.4469999999999996, 0.5045151515151517, 0.48560606060606054, 0.9848484848484849, 0.5]","[0.17468398780706476, 0.4925373134328358, 0.3116417910447762, 0.2330106508875742, 0.44032835820895483, 0.2484925373134329, 0.47835820895522385, 0.49242424242424243, 0.4925373134328358]","[2, 1, 1, 1, 1, 2, 1, 2, 1]","[132, 67, 67, 67, 67, 134, 67, 132, 67]",66
"[0.9, 0.9, 0.9, 0.9, 0.9, 0.9, 0.9, 0.9, 0.9]",9,5,"[23.758209467455625, 33.5, 21.51, 16.081790532544392, 30.392999999999972, 33.80700000000001, 32.55, 66.0, 33.5]","[0.3546001413053078, 0.5, 0.321044776119403, 0.2400267243663342, 0.4536268656716414, 0.5045820895522389, 0.485820895522388, 0.9850746268656716, 0.5]","[0.1773000706526539, 0.49264705882352944, 0.3163235294117647, 0.23649691959624106, 0.44695588235294076, 0.24858088235294123, 0.47867647058823526, 0.4925373134328358, 0.49264705882352944]","[2, 1, 1, 1, 1, 2, 1, 2, 1]","[134, 68, 68, 68, 68, 136, 68, 134, 68]",67
"[0.9, 0.9, 0.9, 0.9, 0.9, 0.9, 0.9, 0.9, 0.9]",9,5,"[23.758209467455625, 34.0, 21.51, 16.081790532544392, 30.392999999999972, 34.30700000000001, 33.05, 67.0, 34.0]","[0.34938543334493566, 0.5, 0.3163235294117647, 0.23649691959624106, 0.44695588235294076, 0.504514705882353, 0.4860294117647058, 0.9852941176470589, 0.5]","[0.17469271667246783, 0.4927536231884058, 0.31173913043478263, 0.23306942800788974, 0.4404782608695648, 0.24860144927536237, 0.4789855072463768, 0.49264705882352944, 0.4927536231884058]","[2, 1, 1, 1, 1, 2, 1, 2, 1]","[136, 69, 69, 69, 69, 138, 69, 136, 69]",68
"[0.9, 0.9, 0.9, 0.9, 0.9, 0.9, 0.9, 0.9, 0.9]",9,5,"[24.458132544378703, 34.5, 22.14, 16.551867455621316, 31.28399999999997, 34.81600000000001, 33.55, 68.0, 34.5]","[0.3544656890489667, 0.5, 0.3208695652173913, 0.23988213703799008, 0.45339130434782565, 0.5045797101449276, 0.48623188405797096, 0.9855072463768116, 0.5]","[0.17723284452448335, 0.4928571428571429, 0.3162857142857143, 0.2364552493660188, 0.4469142857142853, 0.24868571428571434, 0.47928571428571426, 0.4927536231884058, 0.4928571428571429]","[2, 1, 1, 1, 1, 2, 1, 2, 1]","[138, 70, 70, 70, 70, 140, 70, 138, 70]",69
"[0.9, 0.9, 0.9, 0.9, 0.9, 0.9, 0.9, 0.9, 0.9]",9,5,"[24.458132544378703, 35.0, 22.14, 16.551867455621316, 31.28399999999997, 35.31600000000001, 34.05, 69.0, 35.0]","[0.3494018934911243, 0.5, 0.3162857142857143, 0.2364552493660188, 0.4469142857142853, 0.5045142857142858, 0.4864285714285714, 0.9857142857142858, 0.5]","[0.17470094674556216, 0.49295774647887325, 0.31183098591549296, 0.2331248937411453, 0.44061971830985874, 0.24870422535211276, 0.47957746478873237, 0.4928571428571429, 0.49295774647887325]","[2, 1, 1, 1, 1, 2, 1, 2, 1]","[140, 71, 71, 71, 71, 142, 71, 140, 71]",70
"[0.9, 0.9, 0.9, 0.9, 0.9, 0.9, 0.9, 0.9, 0.9]",9,5,"[25.15805562130178, 35.5, 22.77, 17.02194437869824, 32.17499999999997, 35.82500000000001, 34.55, 70.0, 35.5]","[0.3543388115676307, 0.5, 0.3207042253521127, 0.2397456954746231, 0.4531690140845066, 0.5045774647887326, 0.4866197183098591, 0.9859154929577465, 0.5]","[0.17716940578381535, 0.4930555555555556, 0.31625, 0.23641589414858666, 0.4468749999999996, 0.24878472222222228, 0.47986111111111107, 0.49295774647887325, 0.4930555555555556]","[2, 1, 1, 1, 1, 2, 1, 2, 1]","[142, 72, 72, 72, 72, 144, 72, 142, 72]",71
"[0.9, 0.9, 0.9, 0.9, 0.9, 0.9, 0.9, 0.9, 0.9]",9,5,"[25.15805562130178, 36.0, 22.77, 17.02194437869824, 32.17499999999997, 36.32500000000001, 35.05, 71.0, 36.0]","[0.34941743918474694, 0.5, 0.31625, 0.23641589414858666, 0.4468749999999996, 0.504513888888889, 0.4868055555555555, 0.9861111111111112, 0.5]","[0.17470871959237347, 0.4931506849315068, 0.3119178082191781, 0.23317732025614027, 0.4407534246575338, 0.24880136986301377, 0.4801369863013698, 0.4930555555555556, 0.4931506849315068]","[2, 1, 1, 1, 1, 2, 1, 2, 1]","[144, 73, 73, 73, 73, 146, 73, 144, 73]",72
"[0.9, 0.9, 0.9, 0.9, 0.9, 0.9, 0.9, 0.9, 0.9]",9,5,"[25.85797869822486, 36.5, 23.4, 17.492021301775164, 33.06599999999997, 36.83400000000001, 35.55, 72.0, 36.5]","[0.35421888627705284, 0.5, 0.3205479452054794, 0.2396167301613036, 0.4529589041095886, 0.5045753424657535, 0.486986301369863, 0.9863013698630136, 0.5]","[0.17710944313852642, 0.49324324324324326, 0.3162162162162162, 0.23637866624020493, 0.44683783783783737, 0.24887837837837845, 0.4804054054054054, 0.4931506849315068, 0.49324324324324326]","[2, 1, 1, 1, 1, 2, 1, 2, 1]","[146, 74, 74, 74, 74, 148, 74, 146, 74]",73
"[0.9, 0.9, 0.9, 0.9, 0.9, 0.9, 0.9, 0.9, 0.9]",9,5,"[25.85797869822486, 37.0, 23.4, 17.492021301775164, 33.06599999999997, 37.33400000000001, 36.05, 73.0, 37.0]","[0.3494321445706062, 0.5, 0.3162162162162162, 0.23637866624020493, 0.44683783783783737, 0.5045135135135137, 0.4871621621621621, 0.9864864864864865, 0.5]","[0.1747160722853031, 0.49333333333333335, 0.312, 0.23322695069033553, 0.44087999999999955, 0.2488933333333334, 0.48066666666666663, 0.49324324324324326, 0.49333333333333335]","[2, 1, 1, 1, 1, 2, 1, 2, 1]","[148, 75, 75, 75, 75, 150, 75, 148, 75]",74
"[0.9, 0.9, 0.9, 0.9, 0.9, 0.9, 0.9, 0.9, 0.9]",9,5,"[26.557901775147936, 37.5, 24.029999999999998, 17.962098224852088, 33.956999999999965, 37.84300000000001, 36.55, 74.0, 37.5]","[0.3541053570019725, 0.5, 0.32039999999999996, 0.23949464299802783, 0.45275999999999955, 0.5045733333333334, 0.4873333333333333, 0.9866666666666667, 0.5]","[0.17705267850098624, 0.4934210526315789, 0.31618421052631573, 0.2363433976954222, 0.4468026315789469, 0.24896710526315796, 0.4809210526315789, 0.49333333333333335, 0.4934210526315789]","[2, 1, 1, 1, 1, 2, 1, 2, 1]","[150, 76, 76, 76, 76, 152, 76, 150, 76]",75
"[0.9, 0.9, 0.9, 0.9, 0.9, 0.9, 0.9, 0.9, 0.9]",9,5,"[26.557901775147936, 38.0, 24.029999999999998, 17.962098224852088, 33.956999999999965, 38.34300000000001, 37.05, 75.0, 38.0]","[0.34944607598878863, 0.5, 0.31618421052631573, 0.2363433976954222, 0.4468026315789469, 0.5045131578947369, 0.4875, 0.9868421052631579, 0.5]","[0.17472303799439431, 0.4935064935064935, 0.31207792207792207, 0.233274002920157, 0.44099999999999956, 0.24898051948051955, 0.48116883116883113, 0.4934210526315789, 0.4935064935064935]","[2, 1, 1, 1, 1, 2, 1, 2, 1]","[152, 77, 77, 77, 77, 154, 77, 152, 77]",76
"[0.9, 0.9, 0.9, 0.9, 0.9, 0.9, 0.9, 0.9, 0.9]",9,5,"[27.257824852071014, 38.5, 24.659999999999997, 18.432175147929012, 34.84799999999996, 38.85200000000001, 37.55, 76.0, 38.5]","[0.3539977253515716, 0.5, 0.3202597402597402, 0.2393788980250521, 0.45257142857142807, 0.5045714285714287, 0.48766233766233763, 0.987012987012987, 0.5]","[0.1769988626757858, 0.4935897435897436, 0.3161538461538461, 0.2363099377939617, 0.4467692307692303, 0.24905128205128213, 0.48141025641025637, 0.4935064935064935, 0.4935897435897436]","[2, 1, 1, 1, 1, 2, 1, 2, 1]","[154, 78, 78, 78, 78, 156, 78, 154, 78]",77
"[0.9, 0.9, 0.9, 0.9, 0.9, 0.9, 0.9, 0.9, 0.9]",9,5,"[27.257824852071014, 39.0, 24.659999999999997, 18.432175147929012, 34.84799999999996, 39.35200000000001, 38.05, 77.0, 39.0]","[0.3494592929752694, 0.5, 0.3161538461538461, 0.2363099377939617, 0.4467692307692303, 0.5045128205128206, 0.4878205128205128, 0.9871794871794872, 0.5]","[0.1747296464876347, 0.4936708860759494, 0.31215189873417715, 0.23331867275859508, 0.44111392405063243, 0.24906329113924058, 0.4816455696202531, 0.4935897435897436, 0.4936708860759494]","[2, 1, 1, 1, 1, 2, 1, 2, 1]","[156, 79, 79, 79, 79, 158, 79, 156, 79]",78
"[0.9, 0.9, 0.9, 0.9, 0.9, 0.9, 0.9, 0.9, 0.9]",9,5,"[27.957747928994092, 39.5, 25.289999999999996, 18.902252071005936, 35.73899999999996, 39.86100000000001, 38.55, 78.0, 39.5]","[0.3538955434049885, 0.5, 0.32012658227848095, 0.23926901355703717, 0.45239240506329065, 0.5045696202531647, 0.4879746835443038, 0.9873417721518988, 0.5]","[0.17694777170249426, 0.49375, 0.31612499999999993, 0.2362781508875742, 0.4467374999999995, 0.24913125000000008, 0.48187499999999994, 0.4936708860759494, 0.49375]","[2, 1, 1, 1, 1, 2, 1, 2, 1]","[158, 80, 80, 80, 80, 160, 80, 158, 80]",79
"[0.9, 0.9, 0.9, 0.9, 0.9, 0.9, 0.9, 0.9, 0.9]",9,5,"[27.957747928994092, 40.0, 25.289999999999996, 18.902252071005936, 35.73899999999996, 40.36100000000001, 39.05, 79.0, 40.0]","[0.3494718491124261, 0.5, 0.31612499999999993, 0.2362781508875742, 0.4467374999999995, 0.5045125000000001, 0.488125, 0.9875, 0.5]","[0.17473592455621306, 0.49382716049382713, 0.3122222222222222, 0.23336113667908562, 0.44122222222222174, 0.24914197530864204, 0.48209876543209873, 0.49375, 0.49382716049382713]","[2, 1, 1, 1, 1, 2, 1, 2, 1]","[160, 81, 81, 81, 81, 162, 81, 160, 81]",80
"[0.9, 0.9, 0.9, 0.9, 0.9, 0.9, 0.9, 0.9, 0.9]",9,5,"[28.65767100591717, 40.5, 25.919999999999995, 19.37232899408286, 36.62999999999996, 40.87000000000001, 39.55, 80.0, 40.5]","[0.3537984074804589, 0.5, 0.31999999999999995, 0.23916455548250445, 0.45222222222222175, 0.5045679012345681, 0.4882716049382716, 0.9876543209876543, 0.5]","[0.17689920374022944, 0.49390243902439024, 0.3160975609756097, 0.2362479145619861, 0.44670731707317024, 0.24920731707317081, 0.4823170731707317, 0.49382716049382713, 0.49390243902439024]","[2, 1, 1, 1, 1, 2, 1, 2, 1]","[162, 82, 82, 82, 82, 164, 82, 162, 82]",81
"[0.9, 0.9, 0.9, 0.9, 0.9, 0.9, 0.9, 0.9, 0.9]",9,5,"[28.65767100591717, 41.0, 25.919999999999995, 19.37232899408286, 36.62999999999996, 41.37000000000001, 40.05, 81.0, 41.0]","[0.34948379275508745, 0.5, 0.3160975609756097, 0.2362479145619861, 0.44670731707317024, 0.5045121951219513, 0.48841463414634145, 0.9878048780487805, 0.5]","[0.17474189637754373, 0.4939759036144578, 0.31228915662650597, 0.23340155414557662, 0.4413253012048188, 0.2492168674698796, 0.48253012048192767, 0.49390243902439024, 0.4939759036144578]","[2, 1, 1, 1, 1, 2, 1, 2, 1]","[164, 83, 83, 83, 83, 166, 83, 164, 83]",82
"[0.9, 0.9, 0.9, 0.9, 0.9, 0.9, 0.9, 0.9, 0.9]",9,5,"[29.357594082840247, 41.5, 26.549999999999994, 19.842405917159784, 37.52099999999996, 41.87900000000001, 40.55, 82.0, 41.5]","[0.3537059528053042, 0.5, 0.3198795180722891, 0.2390651315320456, 0.45206024096385494, 0.5045662650602412, 0.48855421686746986, 0.9879518072289156, 0.5]","[0.1768529764026521, 0.49404761904761907, 0.3160714285714285, 0.236219118061426, 0.4466785714285709, 0.24927976190476198, 0.4827380952380952, 0.4939759036144578, 0.49404761904761907]","[2, 1, 1, 1, 1, 2, 1, 2, 1]","[166, 84, 84, 84, 84, 168, 84, 166, 84]",83
"[0.9, 0.9, 0.9, 0.9, 0.9, 0.9, 0.9, 0.9, 0.9]",9,5,"[29.357594082840247, 42.0, 26.549999999999994, 19.842405917159784, 37.52099999999996, 42.37900000000001, 41.05, 83.0, 42.0]","[0.3494951676528601, 0.5, 0.3160714285714285, 0.236219118061426, 0.4466785714285709, 0.5045119047619049, 0.4886904761904762, 0.9880952380952381, 0.5]","[0.17474758382643005, 0.49411764705882355, 0.3123529411764705, 0.23344006961364452, 0.4414235294117642, 0.24928823529411773, 0.4829411764705882, 0.49404761904761907, 0.49411764705882355]","[2, 1, 1, 1, 1, 2, 1, 2, 1]","[168, 85, 85, 85, 85, 170, 85, 168, 85]",84
"[0.9, 0.9, 0.9, 0.9, 0.9, 0.9, 0.9, 0.9, 0.9]",9,5,"[30.057517159763325, 42.5, 27.179999999999993, 20.312482840236708, 38.411999999999956, 42.88800000000001, 41.55, 84.0, 42.5]","[0.35361784893839204, 0.5, 0.31976470588235284, 0.23897038635572598, 0.45190588235294066, 0.5045647058823531, 0.48882352941176466, 0.9882352941176471, 0.5]","[0.17680892446919602, 0.4941860465116279, 0.31604651162790687, 0.23619166093298496, 0.44665116279069716, 0.2493488372093024, 0.4831395348837209, 0.49411764705882355, 0.4941860465116279]","[2, 1, 1, 1, 1, 2, 1, 2, 1]","[170, 86, 86, 86, 86, 172, 86, 170, 86]",85
"[0.9, 0.9, 0.9, 0.9, 0.9, 0.9, 0.9, 0.9, 0.9]",9,5,"[30.057517159763325, 43.0, 27.179999999999993, 20.312482840236708, 38.411999999999956, 43.38800000000001, 42.05, 85.0, 43.0]","[0.34950601348562005, 0.5, 0.31604651162790687, 0.23619166093298496, 0.44665116279069716, 0.5045116279069769, 0.488953488372093, 0.9883720930232558, 0.5]","[0.17475300674281002, 0.4942528735632184, 0.3124137931034482, 0.23347681425559436, 0.44151724137930987, 0.24935632183908052, 0.4833333333333333, 0.4941860465116279, 0.4942528735632184]","[2, 1, 1, 1, 1, 2, 1, 2, 1]","[172, 87, 87, 87, 87, 174, 87, 172, 87]",86
"[0.9, 0.9, 0.9, 0.9, 0.9, 0.9, 0.9, 0.9, 0.9]",9,5,"[30.757440236686403, 43.5, 27.80999999999999, 20.782559763313632, 39.302999999999955, 43.89700000000001, 42.55, 86.0, 43.5]","[0.35353379582398164, 0.5, 0.319655172413793, 0.23887999727946704, 0.45175862068965467, 0.5045632183908048, 0.4890804597701149, 0.9885057471264368, 0.5]","[0.17676689791199082, 0.4943181818181818, 0.3160227272727272, 0.23616545185583673, 0.4466249999999995, 0.2494147727272728, 0.4835227272727272, 0.4942528735632184, 0.4943181818181818]","[2, 1, 1, 1, 1, 2, 1, 2, 1]","[174, 88, 88, 88, 88, 176, 88, 174, 88]",87
"[0.9, 0.9, 0.9, 0.9, 0.9, 0.9, 0.9, 0.9, 0.9]",9,5,"[30.757440236686403, 44.0, 27.80999999999999, 20.782559763313632, 39.302999999999955, 44.39700000000001, 43.05, 87.0, 44.0]","[0.3495163663259819, 0.5, 0.3160227272727272, 0.23616545185583673, 0.4466249999999995, 0.5045113636363637, 0.48920454545454545, 0.9886363636363636, 0.5]","[0.17475818316299094, 0.4943820224719101, 0.3124719101123595, 0.23351190745296216, 0.4416067415730332, 0.2494213483146068, 0.4837078651685393, 0.4943181818181818, 0.4943820224719101]","[2, 1, 1, 1, 1, 2, 1, 2, 1]","[176, 89, 89, 89, 89, 178, 89, 176, 89]",88
"[0.9, 0.9, 0.9, 0.9, 0.9, 0.9, 0.9, 0.9, 0.9]",9,5,"[31.45736331360948, 44.5, 28.43999999999999, 21.252636686390556, 40.19399999999995, 44.90600000000001, 43.55, 88.0, 44.5]","[0.3534535203776346, 0.5, 0.3195505617977527, 0.23879367063360174, 0.45161797752808935, 0.5045617977528092, 0.48932584269662915, 0.9887640449438202, 0.5]","[0.1767267601888173, 0.49444444444444446, 0.3159999999999999, 0.23614040762656174, 0.4465999999999995, 0.24947777777777785, 0.48388888888888887, 0.4943820224719101, 0.49444444444444446]","[2, 1, 1, 1, 1, 2, 1, 2, 1]","[178, 90, 90, 90, 90, 180, 90, 178, 90]",89
"[0.9, 0.9, 0.9, 0.9, 0.9, 0.9, 0.9, 0.9, 0.9]",9,5,"[31.45736331360948, 45.0, 28.43999999999999, 21.252636686390556, 40.19399999999995, 45.40600000000001, 44.05, 89.0, 45.0]","[0.3495262590401053, 0.5, 0.3159999999999999, 0.23614040762656174, 0.4465999999999995, 0.5045111111111112, 0.4894444444444444, 0.9888888888888889, 0.5]","[0.17476312952005266, 0.4945054945054945, 0.3125274725274724, 0.23354545809220392, 0.44169230769230716, 0.24948351648351655, 0.484065934065934, 0.49444444444444446, 0.4945054945054945]","[2, 1, 1, 1, 1, 2, 1, 2, 1]","[180, 91, 91, 91, 91, 182, 91, 180, 91]",90
"[0.9, 0.9, 0.9, 0.9, 0.9, 0.9, 0.9, 0.9, 0.9]",9,5,"[32.157286390532555, 45.5, 29.06999999999999, 21.72271360946748, 41.08499999999995, 45.91500000000001, 44.55, 90.0, 45.5]","[0.35337677352233576, 0.5, 0.31945054945054935, 0.2387111385655767, 0.4514835164835159, 0.5045604395604397, 0.48956043956043954, 0.989010989010989, 0.5]","[0.17668838676116788, 0.4945652173913043, 0.3159782608695651, 0.23611645227682043, 0.44657608695652123, 0.24953804347826095, 0.48423913043478256, 0.4945054945054945, 0.4945652173913043]","[2, 1, 1, 1, 1, 2, 1, 2, 1]","[182, 92, 92, 92, 92, 184, 92, 182, 92]",91
"[0.9, 0.9, 0.9, 0.9, 0.9, 0.9, 0.9, 0.9, 0.9]",9,5,"[32.157286390532555, 46.0, 29.06999999999999, 21.72271360946748, 41.08499999999995, 46.41500000000001, 45.05, 91.0, 46.0]","[0.34953572163622343, 0.5, 0.3159782608695651, 0.23611645227682043, 0.44657608695652123, 0.5045108695652175, 0.48967391304347824, 0.9891304347826086, 0.5]","[0.17476786081811171, 0.4946236559139785, 0.3125806451612902, 0.2335775656931987, 0.4417741935483866, 0.24954301075268825, 0.4844086021505376, 0.4945652173913043, 0.4946236559139785]","[2, 1, 1, 1, 1, 2, 1, 2, 1]","[184, 93, 93, 93, 93, 186, 93, 184, 93]",92
"[0.9, 0.9, 0.9, 0.9, 0.9, 0.9, 0.9, 0.9, 0.9]",9,5,"[32.85720946745563, 46.5, 29.69999999999999, 22.192790532544404, 41.97599999999995, 46.924000000000014, 45.55, 92.0, 46.5]","[0.3533033276070498, 0.5, 0.3193548387096773, 0.23863215626391832, 0.45135483870967685, 0.5045591397849464, 0.4897849462365591, 0.989247311827957, 0.5]","[0.1766516638035249, 0.4946808510638298, 0.3159574468085105, 0.23609351630366388, 0.4465531914893612, 0.24959574468085113, 0.48457446808510635, 0.4946236559139785, 0.4946808510638298]","[2, 1, 1, 1, 1, 2, 1, 2, 1]","[186, 94, 94, 94, 94, 188, 94, 186, 94]",93
"[0.9, 0.9, 0.9, 0.9, 0.9, 0.9, 0.9, 0.9, 0.9]",9,5,"[32.85720946745563, 47.0, 29.69999999999999, 22.192790532544404, 41.97599999999995, 47.424000000000014, 46.05, 93.0, 47.0]","[0.34954478156867697, 0.5, 0.3159574468085105, 0.23609351630366388, 0.4465531914893612, 0.5045106382978725, 0.48989361702127654, 0.9893617021276596, 0.5]","[0.17477239078433848, 0.49473684210526314, 0.3126315789473683, 0.23360832139520424, 0.44185263157894683, 0.24960000000000007, 0.48473684210526313, 0.4946808510638298, 0.49473684210526314]","[2, 1, 1, 1, 1, 2, 1, 2, 1]","[188, 95, 95, 95, 95, 190, 95, 188, 95]",94
"[0.9, 0.9, 0.9, 0.9, 0.9, 0.9, 0.9, 0.9, 0.9]",9,5,"[33.55713254437871, 47.5, 30.329999999999988, 22.662867455621328, 42.86699999999995, 47.933000000000014, 46.55, 94.0, 47.5]","[0.35323297415135485, 0.5, 0.3192631578947367, 0.23855649953285607, 0.4512315789473679, 0.5045578947368422, 0.49, 0.9894736842105263, 0.5]","[0.17661648707567743, 0.4947916666666667, 0.31593749999999987, 0.2360715359960555, 0.44653124999999944, 0.24965104166666674, 0.4848958333333333, 0.49473684210526314, 0.4947916666666667]","[2, 1, 1, 1, 1, 2, 1, 2, 1]","[190, 96, 96, 96, 96, 192, 96, 190, 96]",95
"[0.9, 0.9, 0.9, 0.9, 0.9, 0.9, 0.9, 0.9, 0.9]",9,5,"[33.55713254437871, 48.0, 30.329999999999988, 22.662867455621328, 42.86699999999995, 48.433000000000014, 47.05, 95.0, 48.0]","[0.3495534640039449, 0.5, 0.31593749999999987, 0.2360715359960555, 0.44653124999999944, 0.5045104166666668, 0.4901041666666666, 0.9895833333333334, 0.5]","[0.17477673200197244, 0.4948453608247423, 0.3126804123711339, 0.23363780882083843, 0.44192783505154587, 0.2496546391752578, 0.4850515463917526, 0.4947916666666667, 0.4948453608247423]","[2, 1, 1, 1, 1, 2, 1, 2, 1]","[192, 97, 97, 97, 97, 194, 97, 192, 97]",96
"[0.9, 0.9, 0.9, 0.9, 0.9, 0.9, 0.9, 0.9, 0.9]",9,5,"[34.25705562130179, 48.5, 30.959999999999987, 23.13294437869825, 43.757999999999946, 48.942000000000014, 47.55, 96.0, 48.5]","[0.3531655218690906, 0.5, 0.31917525773195865, 0.2384839626669923, 0.45111340206185513, 0.504556701030928, 0.4902061855670103, 0.9896907216494846, 0.5]","[0.1765827609345453, 0.49489795918367346, 0.3159183673469386, 0.2360504528438597, 0.4465102040816321, 0.24970408163265315, 0.48520408163265305, 0.4948453608247423, 0.49489795918367346]","[2, 1, 1, 1, 1, 2, 1, 2, 1]","[194, 98, 98, 98, 98, 196, 98, 194, 98]",97
"[0.9, 0.9, 0.9, 0.9, 0.9, 0.9, 0.9, 0.9, 0.9]",9,5,"[34.25705562130179, 49.0, 30.959999999999987, 23.13294437869825, 43.757999999999946, 49.442000000000014, 48.05, 97.0, 49.0]","[0.3495617920540999, 0.5, 0.3159183673469386, 0.2360504528438597, 0.4465102040816321, 0.5045102040816328, 0.4903061224489796, 0.9897959183673469, 0.5]","[0.17478089602704994, 0.494949494949495, 0.3127272727272726, 0.23366610483533587, 0.44199999999999945, 0.24970707070707077, 0.4853535353535353, 0.49489795918367346, 0.494949494949495]","[2, 1, 1, 1, 1, 2, 1, 2, 1]","[196, 99, 99, 99, 99, 198, 99, 196, 99]",98
"[0.9, 0.9, 0.9, 0.9, 0.9, 0.9, 0.9, 0.9, 0.9]",9,5,"[34.956978698224866, 49.5, 31.589999999999986, 23.603021301775176, 44.648999999999944, 49.951000000000015, 48.55, 98.0, 49.5]","[0.3531007949315643, 0.5, 0.3190909090909089, 0.23841435658358764, 0.45099999999999946, 0.5045555555555558, 0.4904040404040404, 0.98989898989899, 0.5]","[0.17655039746578216, 0.495, 0.31589999999999985, 0.23603021301775176, 0.44648999999999944, 0.24975500000000006, 0.4855, 0.494949494949495, 0.495]","[2, 1, 1, 1, 1, 2, 1, 2, 1]","[198, 100, 100, 100, 100, 200, 100, 198, 100]",99
"[0.9, 0.9, 0.9, 0.9, 0.9, 0.9, 0.9, 0.9, 0.9]",9,5,"[34.956978698224866, 50.0, 31.589999999999986, 23.603021301775176, 44.648999999999944, 50.451000000000015, 49.05, 99.0, 50.0]","[0.34956978698224866, 0.5, 0.31589999999999985, 0.23603021301775176, 0.44648999999999944, 0.5045100000000001, 0.4905, 0.99, 0.5]","[0.17478489349112433, 0.49504950495049505, 0.3127722772277226, 0.2336932802155958, 0.4420693069306925, 0.24975742574257434, 0.48564356435643563, 0.495, 0.49504950495049505]","[2, 1, 1, 1, 1, 2, 1, 2, 1]","[200, 101, 101, 101, 101, 202, 101, 200, 101]",100
